Employee_Name,EmpID,MarriedID,DeptID,PayRate,PositionID,Position,State,DOB,Sex,DateofHire,Department
"Brown, Mia",1103024456,1,1,28.5,1,Accountant I,MA,11/24/1987,F,10/27/2008,Admin Offices
"LaRotonda, William  ",1106026572,0,1,23,1,Accountant I,MA,4/26/1984,M ,1/6/2014,Admin Offices
"Steans, Tyrone  ",1302053333,0,1,29,1,Accountant I,MA,9/1/1986,M ,9/29/2014,Admin Offices
"Howard, Estelle",1211050782,1,1,21.5,2,Administrative Assistant,MA,9/16/1985,F,2/16/2015,Admin Offices
"Singh, Nan ",1307059817,0,1,16.56,2,Administrative Assistant,MA,5/19/1988,F,5/1/2015,Admin Offices
"Smith, Leigh Ann",711007713,1,1,20.5,2,Administrative Assistant,MA,6/14/1987,F,9/26/2011,Admin Offices
"Bunbury, Jessica",1504073368,1,6,55,3,Area Sales Manager,VA,6/1/1964,F,8/15/2011,Sales
"Carter, Michelle ",1403065721,0,6,55,3,Area Sales Manager,VT,5/15/1963,F,8/18/2014,Sales
"Dietrich, Jenna  ",1408069481,0,6,55,3,Area Sales Manager,WA,5/14/1987,F,2/20/2012,Sales
"Digitale, Alfred",1306059197,1,6,56,3,Area Sales Manager,NH,9/14/1988,M ,8/18/2014,Sales
"Friedman, Gerry",1204032843,0,6,55.5,3,Area Sales Manager,NY,2/24/1969,M ,3/7/2011,Sales
"Gill, Whitney  ",1302053046,0,6,55,3,Area Sales Manager,OH,7/10/1971,F,7/7/2014,Sales
"Gonzales, Ricardo",1411071481,1,6,55.5,3,Area Sales Manager,ID,10/12/1954,M ,5/12/2014,Sales
"Guilianno, Mike",1001167253,0,6,55,3,Area Sales Manager,TN,2/9/1969,M ,3/7/2011,Sales
"Leruth, Giovanni",1412071660,0,6,55,3,Area Sales Manager,UT,12/27/1988,M ,4/30/2012,Sales
"Mullaney, Howard",1306057978,0,6,55,3,Area Sales Manager,AL,11/2/1975,M ,9/29/2014,Sales
"Ozark, Travis",812011761,0,6,55,3,Area Sales Manager,NC,5/19/1982,M ,1/5/2015,Sales
"Strong, Caitrin",1411071295,1,6,54,3,Area Sales Manager,MT,5/12/1989,F,9/27/2010,Sales
"Valentin,Jackie",1312063714,1,6,55,3,Area Sales Manager,AZ,5/23/1991,F,7/5/2011,Sales
"Villanueva, Noah",1111030503,0,6,56,3,Area Sales Manager,ME,7/11/1989,M ,3/5/2012,Sales
"Buck, Edward",1504073313,1,6,55,3,Area Sales Manager,MA,7/7/1975,M ,9/29/2014,Sales
"Costa, Latia",1409070567,0,6,55,3,Area Sales Manager,CA,11/8/1988,F,1/10/2011,Sales
"Fraval, Maruk ",1411071302,0,6,55,3,Area Sales Manager,CT,8/28/1963,M ,9/6/2011,Sales
"Givens, Myriam",1203032099,0,6,55,3,Area Sales Manager,IN,9/22/1989,F,2/16/2015,Sales
Jeremy Prater,1001084890,1,6,56,3,Area Sales Manager,NV,5/9/1974,M ,5/12/2014,Sales
"Khemmich, Bartholemew",1104025008,0,6,55,3,Area Sales Manager,CO,11/27/1979,M ,8/19/2013,Sales
"Martins, Joseph",1209048771,0,6,56,3,Area Sales Manager,TX,6/11/1970,M ,5/14/2012,Sales
"McKinzie, Jac",1209049326,1,6,55,3,Area Sales Manager,TX,7/1/1984,M ,7/6/2016,Sales
"Nguyen, Dheepa",1111030684,0,6,55,3,Area Sales Manager,GA,3/31/1989,F,7/8/2013,Sales
"Onque, Jasmine",1501072180,0,6,57,3,Area Sales Manager,FL,5/11/1990,F,9/30/2013,Sales
"Potts, Xana",1102024106,1,6,55,3,Area Sales Manager,KY,8/29/1988,F,1/9/2012,Sales
"Riordan, Michael",1502072711,0,6,55,3,Area Sales Manager,ND,1/15/1968,M ,1/9/2006,Sales
"Terry, Sharlene ",1401064637,0,6,55,3,Area Sales Manager,OR,5/7/1965,F,9/29/2014,Sales
"Rachael, Maggie",1009919940,1,3,45,4,BI Developer,MA,5/12/1980,F,10/2/2016,IT/IS
"Smith, Jason",1009919980,0,3,46,4,BI Developer,MA,9/4/1983,M ,2/15/2017,IT/IS
"Westinghouse, Matthew",1009919990,1,3,45,4,BI Developer,MA,10/24/1987,M ,4/20/2017,IT/IS
"Hubert, Robert",1009920000,1,3,45,4,BI Developer,MA,6/30/1989,M ,4/20/2017,IT/IS
"Champaigne, Brian",1009919920,1,3,63.5,5,BI Director,MA,2/9/1972,M ,9/6/2016,IT/IS
"Zamora, Jennifer",1112030816,0,3,65,6,CIO,MA,8/30/1979,F,4/10/2010,IT/IS
"Roper, Katie",1009919950,0,3,55,7,Data Architect,MA,11/21/1972,F,1/7/2017,IT/IS
"Becker, Renee",1102024056,0,3,43,8,Database Administrator,MA,4/4/1986,F,7/7/2014,IT/IS
"Goble, Taisha",905013738,0,3,48.5,8,Database Administrator,MA,10/23/1971,F,2/16/2015,IT/IS
"Hernandez, Daniff",1410071156,1,3,40.1,8,Database Administrator,MA,8/7/1986,M ,2/16/2015,IT/IS
"Horton, Jayne",1105025718,0,3,34,8,Database Administrator,MA,2/21/1984,F,3/30/2015,IT/IS
"Johnson, Noelle ",1003018246,1,3,40,8,Database Administrator,MA,11/7/1986,F,1/5/2015,IT/IS
"Murray, Thomas",1406068403,0,3,35.5,9,Data Analyst,TX,7/4/1988,M ,11/10/2014,IT/IS
"Pearson, Randall",1102023965,1,3,41,9,Data Analyst,MA,9/5/1984,M ,12/1/2014,IT/IS
"Petrowsky, Thelma",1108027853,1,3,42.75,9,Data Analyst,MA,9/16/1984,F,11/10/2014,IT/IS
"Roby, Lori ",1407068885,1,3,39.55,9,Data Analyst,MA,10/11/1981,F,2/16/2015,IT/IS
"Rogers, Ivan",1203032255,1,3,42.2,9,Data Analyst,MA,8/26/1986,M ,3/30/2015,IT/IS
"Salter, Jason",1111030148,0,3,45,9,Data Analyst ,MA,12/17/1987,M ,1/5/2015,IT/IS
"Simard, Kramer",808010278,1,3,30.2,9,Data Analyst,MA,2/8/1970,M ,1/5/2015,IT/IS
"Zhou, Julia",1110029732,0,3,31.4,9,Data Analyst,MA,2/24/1979,F,3/30/2015,IT/IS
"Bramante, Elisa",1006020066,0,5,60,10,Director of Operations,MA,3/19/1983,F,1/5/2009,Production       
"Houlihan, Debra",1009021646,1,6,60,11,Director of Sales,RI,3/17/1966,F,5/5/2014,Sales
"Foss, Jason",1192991000,0,3,65,12,IT Director,MA,7/5/1980,M ,4/15/2011,IT/IS
"Roup,Simon",1106026933,0,3,62,13,IT Manager - DB,MA,4/5/1973,M ,1/20/2013,IT/IS
"Ruiz, Ricardo",1001175250,0,3,21,13,IT Manager - DB,MA,1/4/1964,M ,1/9/2012,IT/IS
"Monroe, Peter",1011022863,1,3,63,13,IT Manager - Infra,MA,10/5/1986,M ,2/15/2012,IT/IS
"Dougall, Eric",1101023754,0,3,64,13,IT Manager - Support,MA,7/9/1970,M ,1/5/2014,IT/IS
"Clayton, Rick",1301052902,0,3,28.99,14,IT Support,MA,9/5/1985,M ,9/5/2012,IT/IS
"Galia, Lisa",1501072093,0,3,31.4,14,IT Support,CT,7/6/1968,F,5/1/2010,IT/IS
"Lindsay, Leonara ",602000312,0,3,26,14,IT Support,CT,10/5/1988,F,1/21/2011,IT/IS
"Soto, Julia ",1203032263,1,3,27.49,14,IT Support,MA,3/12/1973,F,6/10/2011,IT/IS
"Bacong, Alejandro ",1212052023,0,3,45,14,IT Support,MA,1/7/1988,M ,1/5/2015,IT/IS
"Cisco, Anthony",1102024173,1,3,42,14,IT Support,MA,11/24/1989,M ,3/30/2015,IT/IS
"Dolan, Linda",1101023540,1,3,37,14,IT Support,MA,7/18/1988,F,1/5/2015,IT/IS
"Gonzalez, Maria",1988299991,0,3,39,14,IT Support,MA,4/16/1981,F,1/5/2015,IT/IS
"Merlos, Carlos",1012023013,0,3,43,15,Network Engineer,MA,6/18/1987,M ,3/30/2015,IT/IS
"Morway, Tanya",1001956578,1,3,27,15,Network Engineer,MA,4/4/1979,F,2/16/2015,IT/IS
"Shepard, Anita ",906014183,1,3,47,15,Network Engineer,MA,4/14/1981,F,9/30/2014,IT/IS
"Tredinnick, Neville ",1104025466,1,3,28,15,Network Engineer,MA,5/5/1988,M ,1/5/2015,IT/IS
"Turpin, Jumil",1411071506,1,3,49.1,15,Network Engineer,MA,3/31/1969,M ,3/30/2015,IT/IS
"King, Janet",1001495124,1,2,80,16,President & CEO,MA,9/21/1954,F,7/2/2012,Executive Office
"Albert, Michael  ",1501072311,0,5,54.5,17,Production Manager,MA,10/10/1968,M ,8/1/2011,Production       
"Bozzi, Charles",1303054580,0,5,50.5,18,Production Manager,MA,3/10/1970,M ,9/30/2013,Production       
"Butler, Webster  L",1110029990,0,5,55,18,Production Manager,MA,8/9/1983,M ,1/28/2016,Production       
"Dunn, Amy  ",1409070147,0,5,51,18,Production Manager,MA,11/28/1973,F,9/18/2014,Production       
"Gray, Elijiah  ",1307060077,0,5,54,18,Production Manager,MA,7/11/1981,M ,6/2/2015,Production       
"Hogland, Jonathan ",1001944783,1,5,48.5,18,Production Manager,MA,7/1/1972,M ,1/10/2011,Production       
"Immediato, Walter",1403065874,1,5,42,18,Production Manager,MA,11/15/1976,M ,2/21/2011,Production       
"Liebig, Ketsia",1103024679,1,5,55,18,Production Manager,MA,10/26/1981,F,9/30/2013,Production       
"Miller, Brannon",1107027351,0,5,53,18,Production Manager,MA,8/10/1981,M ,8/16/2012,Production       
"Peterson, Ebonee  ",1402065355,1,5,38.5,18,Production Manager,MA,5/9/1977,F,10/25/2010,Production       
"Spirea, Kelley",1102024149,1,5,52,18,Production Manager,MA,9/30/1975,F,10/2/2012,Production       
"Stanley, David ",1000974650,0,5,53,18,Production Manager,MA,12/17/1975,M ,7/20/2010,Production       
"Sullivan, Kissy ",1405067298,1,5,55,18,Production Manager,MA,3/28/1978,F,1/8/2009,Production       
"Wallace, Courtney  E",1410071026,1,5,33.5,18,Production Manager,MA,11/14/1955,F,9/26/2011,Production       
"Anderson, Linda  ",1304055947,0,5,23,19,Production Technician I,MA,5/22/1977,F,1/9/2012,Production       
"Bernstein, Sean",1109029366,0,5,16,19,Production Technician I,MA,12/22/1970,M ,4/2/2012,Production       
"Chivukula, Enola",1101023394,0,5,21,19,Production Technician I,MA,8/27/1983,F,6/27/2011,Production       
"Desimone, Carl ",1501072124,1,5,20,19,Production Technician I,MA,4/19/1967,M ,7/7/2014,Production       
"Fernandes, Nilson  ",1302053339,1,5,18,19,Production Technician I,MA,10/18/1989,M ,5/11/2015,Production       
"Girifalco, Evelyn",1204032927,0,5,16,19,Production Technician I,MA,5/8/1980,F,9/29/2014,Production       
"Harrison, Kara",1404066622,1,5,20,19,Production Technician I,MA,5/2/1974,F,5/12/2014,Production       
"Kirill, Alexandra  ",903013071,1,5,24,19,Production Technician I,MA,10/8/1970,F,9/26/2011,Production       
"MacLennan, Samuel",1201031032,0,5,15,19,Production Technician I,MA,11/9/1972,M ,9/24/2012,Production       
"Ndzi, Horia",1204033044,1,5,22,19,Production Technician I,MA,3/28/1983,M ,4/1/2013,Production       
"Perry, Shakira",1109029186,0,5,22,19,Production Technician I,MA,7/20/1986,F,5/16/2011,Production       
"Robinson, Alain  ",1206038000,1,5,24,19,Production Technician I,MA,1/7/1974,M ,1/10/2011,Production       
"Shields, Seffi",1205033102,1,5,15,19,Production Technician I,MA,8/24/1985,F,8/19/2013,Production       
"Theamstern, Sophia",1404066739,0,5,20,19,Production Technician I,MA,5/9/1965,F,7/5/2011,Production       
"Wilber, Barry",1101023839,1,5,21,19,Production Technician I,MA,9/9/1965,M ,5/16/2011,Production       
"Bachiochi, Linda",1212051409,0,5,22,19,Production Technician I,MA,2/11/1970,F,7/6/2009,Production       
"Billis, Helen",1308060366,1,5,16,19,Production Technician I,MA,9/1/1989,F,7/7/2014,Production       
"Clukey, Elijian",1407069280,1,5,24.75,19,Production Technician I,MA,8/26/1980,M ,7/6/2016,Production       
"DiNocco, Lily ",1209048696,1,5,22,19,Production Technician I,MA,12/2/1978,F,1/7/2013,Production       
"Fidelia,  Libby",1006020020,1,5,24,19,Production Technician I,MA,3/16/1981,F,1/9/2012,Production       
"Gonzalez, Cayo",1411071212,0,5,16,19,Production Technician I,MA,9/29/1969,M ,7/11/2011,Production       
"Ivey, Rose ",1408069882,0,5,16,19,Production Technician I,MA,1/28/1991,F,8/19/2013,Production       
"Kretschmer, John",1311062610,1,5,21,19,Production Technician I,MA,2/2/1980,M ,1/10/2011,Production       
"Mangal, Debbie",1308060754,1,5,23,19,Production Technician I,MA,11/7/1974,F,11/11/2013,Production       
"Ngodup, Shari ",1403066020,0,5,15,19,Production Technician I,MA,6/3/1967,F,4/1/2013,Production       
"Pham, Hong",1305057440,1,5,18,19,Production Technician I,MA,3/6/1988,M ,7/5/2011,Production       
"Robinson, Elias",1011022887,0,5,17,19,Production Technician I,MA,1/28/1985,M ,7/8/2013,Production       
"Sparks, Taylor  ",1410071137,1,5,16,19,Production Technician I,MA,7/20/1968,F,2/20/2012,Production       
"Tippett, Jeanette",1409070255,0,5,24,19,Production Technician I,MA,6/5/1967,F,2/18/2013,Production       
"Ybarra, Catherine ",1001268402,0,5,22,19,Production Technician I,MA,5/4/1982,F,9/2/2008,Production       
"Baczenski, Rachael  ",1307060083,1,5,17,19,Production Technician I,MA,1/12/1974,F,1/10/2011,Production       
"Brill, Donna",1406068293,1,5,20,19,Production Technician I,MA,8/24/1990,F,4/2/2012,Production       
"Cockel, James",1599991009,0,5,15,19,Production Technician I,MA,9/8/1977,M ,7/8/2013,Production       
"Dobrin, Denisa  S",1202031618,0,5,16.75,19,Production Technician I,MA,10/7/1986,F,4/2/2012,Production       
"Garcia, Raul",1309061015,0,5,19,19,Production Technician I,MA,9/15/1985,M ,3/30/2015,Production       
"Gordon, David",1106026579,1,5,15,19,Production Technician I,MA,5/21/1979,M ,7/2/2012,Production       
"Jackson, Maryellen",1201031438,0,5,20,19,Production Technician I,MA,9/11/1972,F,11/5/2012,Production       
"Langton, Enrico",1304055987,1,5,17,19,Production Technician I,MA,12/9/1986,M ,7/9/2012,Production       
"Maurice, Shana",1401064327,1,5,20,19,Production Technician I,MA,11/22/1977,F,5/31/2011,Production       
"Nguyen, Lei-Ming",1203032357,0,5,19,19,Production Technician I,MA,7/7/1984,F,7/8/2013,Production       
"Pitt, Brad ",1001735072,0,5,17,19,Production Technician I,MA,11/23/1981,M ,11/5/2007,Production       
"Rose, Ashley  ",710007555,0,5,17,19,Production Technician I,MA,12/5/1974,F,1/6/2014,Production       
"Squatrito, Kristen",1405067138,0,5,21,19,Production Technician I,MA,3/26/1973,F,5/13/2013,Production       
"Trang, Mei",1012023152,0,5,22,19,Production Technician I,MA,5/16/1983,F,2/17/2014,Production       
"Zima, Colleen",1211051232,0,5,15,19,Production Technician I,MA,8/17/1978,F,9/29/2014,Production       
"Alagbe,Trina",1011022883,1,5,21,19,Production Technician I,MA,9/27/1988,F,1/7/2008,Production       
"Beatrice, Courtney ",1403066194,0,5,22,19,Production Technician I,MA,10/27/1970,F,4/4/2011,Production       
"Chan, Lin",1305057282,0,5,19.5,19,Production Technician I,MA,2/12/1979,F,5/12/2014,Production       
"Darson, Jene'ya ",1001109612,1,5,15,19,Production Technician I,MA,11/5/1978,F,7/2/2012,Production       
"Evensen, April",1107027392,0,5,18,19,Production Technician I,MA,5/6/1989,F,2/17/2014,Production       
"Gerke, Melisa",1308060622,0,5,22,19,Production Technician I,MA,5/15/1970,F,11/7/2011,Production       
"Harrell, Ludwick",1406068241,1,5,21,19,Production Technician I,MA,9/2/1982,M ,5/14/2012,Production       
"Jung, Judy  ",1107027450,1,5,21,19,Production Technician I,MA,4/17/1986,F,1/10/2011,Production       
"Lydon, Allison",1101023353,1,5,20,19,Production Technician I,MA,10/22/1975,F,2/16/2015,Production       
"Motlagh,  Dawn",1102024121,0,5,15,19,Production Technician I,MA,7/7/1984,F,4/1/2013,Production       
"Panjwani, Nina",1109029531,1,5,18,19,Production Technician I,MA,5/1/1979,F,2/7/2011,Production       
"Rhoads, Thomas",1211050793,0,5,20,19,Production Technician I,MA,7/22/1982,M ,5/16/2011,Production       
"Sander, Kamrin",1302053362,1,5,21,19,Production Technician I,MA,7/10/1988,F,9/29/2014,Production       
"Sutwell, Barbara",1407069061,0,5,14,19,Production Technician I,MA,8/15/1968,F,5/14/2012,Production       
"Wallace, Theresa",1101023619,0,5,15,19,Production Technician I,MA,8/2/1980,F,8/13/2012,Production       
"Barone, Francesco  A",1101023679,0,5,16.76,19,Production Technician I,MA,7/20/1983,M ,2/20/2012,Production       
"Carey, Michael  ",1311063114,0,5,20,19,Production Technician I,MA,2/2/1983,M ,3/31/2014,Production       
"Cornett, Lisa ",1403066069,1,5,15.75,19,Production Technician I,MA,3/31/1977,F,1/5/2015,Production       
"Engdahl, Jean",1007020403,0,5,21.25,19,Production Technician I,MA,5/31/1974,M ,11/10/2014,Production       
"England, Rex",1101023612,1,5,21,19,Production Technician I,MA,8/25/1978,M ,3/31/2014,Production       
"Gaul, Barbara",1105026041,0,5,24,19,Production Technician I,MA,12/2/1983,F,5/16/2011,Production       
"Gross, Paula",1103024859,0,5,14,19,Production Technician I,MA,5/21/1983,F,2/21/2011,Production       
"Jhaveri, Sneha  ",1412071713,0,5,19,19,Production Technician I,MA,4/13/1964,F,1/6/2014,Production       
"LeBel, Jonathan  R",1107027575,0,5,15,19,Production Technician I,MA,10/18/1981,M ,2/21/2011,Production       
"Meads, Elizabeth",1409070245,0,5,14,19,Production Technician I,MA,5/30/1968,F,4/2/2012,Production       
"Osturnka, Adeel",1404066949,1,5,16,19,Production Technician I,MA,12/11/1976,M ,9/30/2013,Production       
"Punjabhi, Louis  ",1401064562,0,5,16,19,Production Technician I,MA,6/19/1961,M ,1/6/2014,Production       
"Saar-Beckles, Melinda",1410070998,0,5,20,19,Production Technician I,MA,6/6/1968,F,7/4/2016,Production       
"Stoica, Rick",1106026896,1,5,22,19,Production Technician I,MA,3/14/1985,M ,2/17/2014,Production       
"Volk, Colleen",1011022814,1,5,21,19,Production Technician I,MA,6/3/1986,F,9/26/2011,Production       
"Athwal, Sam",1301052124,0,5,22,19,Production Technician I,MA,2/18/1983,M ,9/30/2013,Production       
"Biden, Lowan  M",1412071844,0,5,22,19,Production Technician I,MA,12/27/1958,F,8/19/2013,Production       
"Cierpiszewski, Caroline  ",1012023295,0,5,22,19,Production Technician I,MA,5/31/1988,F,10/3/2011,Production       
"Dickinson, Geoff ",706006285,0,5,21,19,Production Technician I,MA,11/15/1982,M ,5/12/2014,Production       
"Ferreira, Violeta",803009012,0,5,23,19,Production Technician I,MA,6/10/1986,F,2/20/2012,Production       
"Gold, Shenice  ",1408069539,0,5,17,19,Production Technician I,MA,6/18/1992,F,11/11/2013,Production       
"Heitzman, Anthony",1002017900,0,5,19,19,Production Technician I,MA,1/4/1984,M ,8/13/2012,Production       
"Knapp, Bradley  J",1304055683,0,5,14,19,Production Technician I,MA,11/10/1977,M ,2/17/2014,Production       
"Mahoney, Lauren  ",1209049259,0,5,17,19,Production Technician I,MA,7/7/1986,F,1/6/2014,Production       
"Newman, Richard ",1302053044,1,5,21,19,Production Technician I,MA,4/8/1977,M ,5/12/2014,Production       
"Peterson, Kayla ",1307059944,1,5,17,19,Production Technician I,MA,9/23/1973,F,4/26/2010,Production       
"Robinson, Cherly",1403065625,1,5,16,19,Production Technician I,MA,1/7/1985,F,1/10/2011,Production       
"Smith, Sade",1501071909,0,5,24.5,19,Production Technician I,MA,2/2/1965,F,11/11/2013,Production       
"Tinto, Theresa  ",1103024504,0,5,20,19,Production Technician I,MA,7/30/1983,F,1/10/2011,Production       
"Williams, Jacquelyn  ",1308060671,0,5,16,19,Production Technician I,MA,10/2/1969,F,1/9/2012,Production       
"Barbara, Thomas",1312063507,1,5,22,19,Production Technician I,MA,2/21/1974,M ,4/2/2012,Production       
"Bugali, Josephine ",1408069635,0,5,20,19,Production Technician I,MA,10/30/1969,F,11/11/2013,Production       
"Cole, Spencer",1001450968,0,5,15,19,Production Technician I,MA,8/12/1979,M ,7/11/2011,Production       
"Eaton, Marianne",1406067865,1,5,17,19,Production Technician I,MA,9/5/1991,F,4/4/2011,Production       
"Garneau, Hamish",1104025414,0,5,18,19,Production Technician I,MA,4/18/1980,M ,7/8/2013,Production       
"Goyal, Roxana",1312063675,1,5,24,19,Production Technician I,MA,10/9/1974,F,8/19/2013,Production       
"Jacobi, Hannah  ",1503072857,0,5,21,19,Production Technician I,MA,3/22/1966,F,9/30/2013,Production       
"Leach, Dallas",1408069409,0,5,19,19,Production Technician I,MA,1/17/1979,F,9/26/2011,Production       
"Mckenna, Sandy",909015167,1,5,24,19,Production Technician I,MA,1/7/1987,F,1/7/2013,Production       
"O'hare, Lynn",1206044851,0,5,18.5,19,Production Technician I,MA,9/30/1980,F,3/31/2014,Production       
"Power, Morissa",1102024274,0,5,19,19,Production Technician I,MA,10/15/1984,F,5/16/2011,Production       
"Purinton, Janine",1011022926,0,5,16,19,Production Technician I,MA,9/22/1970,F,9/24/2012,Production       
"Rossetti, Bruno",1405067492,0,5,18,19,Production Technician I,MA,3/18/1987,M ,4/4/2011,Production       
"Stanford,Barbara  M",1111030244,0,5,14,19,Production Technician I,MA,8/25/1982,F,1/10/2011,Production       
"Veera, Abdellah ",1203032235,0,5,19,19,Production Technician I,MA,1/31/1987,M ,8/13/2012,Production       
"Adinolfi, Wilson  K",1409070522,0,5,20,19,Production Technician I,MA,7/10/1983,M ,7/5/2011,Production       
"Barton, Nader",1212051962,0,5,18,19,Production Technician I,MA,7/15/1977,M ,9/24/2012,Production       
"Chace, Beatrice ",1208048062,0,5,16,19,Production Technician I,MA,1/2/1951,F,9/29/2014,Production       
"Crimmings,   Jean",1311063172,0,5,19.75,19,Production Technician I,MA,4/10/1987,F,7/6/2016,Production       
"Estremera, Miguel",1104025243,0,5,17,19,Production Technician I,MA,9/2/1983,M ,4/2/2012,Production       
"Gentry, Mildred",1501072192,1,5,19,19,Production Technician I,MA,10/1/1990,F,3/30/2015,Production       
"Handschiegl, Joanne",1405067064,1,5,24,19,Production Technician I,MA,3/23/1977,F,11/28/2011,Production       
"Johnson, George",1105025721,1,5,17,19,Production Technician I,MA,8/19/1959,M ,11/7/2011,Production       
"Keatts, Kramer ",1301052462,0,5,19,19,Production Technician I,MA,1/19/1976,M ,9/30/2013,Production       
"Linares, Marilyn ",1206042315,1,5,15.25,19,Production Technician I,MA,3/26/1981,F,7/5/2011,Production       
"Medeiros, Jennifer",1109029256,0,5,20,19,Production Technician I,MA,9/22/1976,F,3/30/2015,Production       
"Owad, Clinton",1103024335,0,5,22,19,Production Technician I,MA,11/24/1979,M ,2/17/2014,Production       
"Rarrick, Quinn",1208048229,0,5,21,19,Production Technician I,MA,12/31/1984,M ,9/26/2011,Production       
"Sadki, Nore  ",1308060535,0,5,21,19,Production Technician I,MA,12/21/1974,M ,1/5/2009,Production       
"Sullivan, Timothy",1201031310,1,5,19,19,Production Technician I,MA,10/7/1982,M ,1/5/2015,Production       
"Von Massenbach, Anna",1106026474,0,5,20,19,Production Technician I,MA,4/6/1985,F,7/5/2015,Production       
"Anderson, Carol ",1001417624,0,5,16,19,Production Technician I,MA,9/8/1989,F,7/11/2011,Production       
"Becker, Scott",1110029777,0,5,17,19,Production Technician I,MA,4/6/1979,M ,7/8/2013,Production       
"Chang, Donovan  E",1111030129,0,5,22,19,Production Technician I,MA,8/24/1983,M ,7/8/2013,Production       
"DeGweck,  James",1306058816,1,5,23.5,19,Production Technician I,MA,10/31/1977,M ,5/16/2011,Production       
"Ferguson, Susan",1502072511,1,5,20,19,Production Technician I,MA,4/14/1955,F,11/7/2011,Production       
"Gilles, Alex",1008020960,1,5,15,19,Production Technician I,MA,8/9/1974,M ,4/2/2012,Production       
"Harrington, Christie ",1110029602,0,5,19.75,19,Production Technician I,MA,8/18/1952,F,1/9/2012,Production       
"Kinsella, Kathleen  ",710007401,1,5,22,19,Production Technician I,MA,12/8/1973,F,9/26/2011,Production       
"Lynch, Lindsay",1001138521,0,5,19,19,Production Technician I,MA,2/14/1973,F,11/7/2011,Production       
"Ndzi, Colombui",1204033041,0,5,18,19,Production Technician I,MA,5/2/1989,M ,9/26/2011,Production       
"Pelech, Emil",1307060058,0,5,24,19,Production Technician I,MA,3/17/1988,M ,1/10/2011,Production       
"Rivera, Haley  ",1405067642,1,5,22,19,Production Technician I,MA,1/12/1973,F,11/28/2011,Production       
"Sewkumar, Nori",807010161,0,5,15.2,19,Production Technician I,MA,3/10/1975,F,9/30/2013,Production       
"Tavares, Desiree  ",1405067501,1,5,15,19,Production Technician I,MA,4/3/1975,F,4/27/2009,Production       
"Whittier, Scott",1307060212,0,5,23,19,Production Technician I,MA,5/24/1987,M ,1/10/2011,Production       
"Burke, Joelle",1011022820,0,5,25,20,Production Technician II,MA,3/2/1980,F,3/5/2012,Production       
"Fitzpatrick, Michael  J",1109029103,0,5,29,20,Production Technician II,MA,10/1/1981,M ,5/16/2011,Production       
"Huynh, Ming",1306058509,0,5,23,20,Production Technician II,MA,9/22/1976,F,2/21/2011,Production       
"Mancuso, Karen",1304055986,1,5,23,20,Production Technician II,MA,12/10/1986,F,7/5/2011,Production       
"Pelletier, Ermine",1202031821,1,5,28,20,Production Technician II,MA,7/18/1989,F,7/5/2011,Production       
"Trzeciak, Cybil",1107027551,0,5,22,20,Production Technician II,MA,3/15/1985,F,1/10/2011,Production       
"Cloninger, Jennifer",1012023226,1,5,25,20,Production Technician II,MA,8/31/1981,F,5/16/2011,Production       
"Gonzalez, Juan",1411071324,1,5,29,20,Production Technician II,MA,10/12/1964,M ,4/26/2010,Production       
"Johnston, Yen",1306057810,0,5,25,20,Production Technician II,MA,9/8/1969,F,7/7/2014,Production       
"Miller, Ned",1205033439,0,5,25,20,Production Technician II,MA,6/29/1985,M ,8/15/2011,Production       
"Petingill, Shana  ",1103024843,1,5,26,20,Production Technician II,MA,3/10/1979,F,4/2/2012,Production       
"Winthrop, Jordan  ",1405067188,0,5,29,20,Production Technician II,MA,11/7/1958,M ,1/7/2013,Production       
"Close, Phil",1209048697,1,5,26,20,Production Technician II,MA,11/25/1978,M ,8/30/2010,Production       
"Good, Susan",1001549006,1,5,24.25,20,Production Technician II,MA,5/25/1986,F,5/12/2014,Production       
"Langford, Lindsey",1010022030,0,5,22,20,Production Technician II,MA,7/25/1979,F,1/7/2013,Production       
"Monkfish, Erasumus",1404066711,1,5,27,20,Production Technician II,MA,8/17/1992,M ,11/7/2011,Production       
"Roberson, May",1402065340,0,5,26,20,Production Technician II,MA,9/5/1981,F,9/26/2011,Production       
"Wolk, Hang  T",1205033180,0,5,22,20,Production Technician II,MA,4/20/1985,F,9/29/2014,Production       
"Bondwell, Betsy",1008021030,0,5,26,20,Production Technician II,MA,1/16/1967,F,1/10/2011,Production       
"Faller, Megan ",1108028428,1,5,27,20,Production Technician II,MA,9/22/1978,F,7/7/2014,Production       
"Hunts, Julissa",1106026433,0,5,25,20,Production Technician II,MA,3/11/1984,F,6/6/2016,Production       
"Lunquist, Lisa",1001504432,0,5,26.1,20,Production Technician II,MA,3/28/1982,F,8/19/2013,Production       
"Nowlan, Kristie",1104025435,0,5,26.39,20,Production Technician II,MA,11/23/1985,F,11/10/2014,Production       
"Smith, Joe",1001970770,0,5,22,20,Production Technician II,MA,10/30/1963,M ,9/29/2014,Production       
"Tejeda, Lenora ",1406068345,1,5,28.75,20,Production Technician II,MA,5/24/1953,F,5/16/2011,Production       
"Beak, Kimberly  ",1303054329,1,5,27,20,Production Technician II,MA,4/17/1966,F,7/21/2016,Production       
"Demita, Carla",1104025179,0,5,29,20,Production Technician II,MA,2/25/1951,F,4/4/2011,Production       
"Hankard, Earnest",1307059937,0,5,24,20,Production Technician II,MA,8/10/1988,M ,11/11/2013,Production       
"Hendrickson, Trina",1011022932,0,5,24,20,Production Technician II,MA,8/27/1972,F,1/10/2011,Production       
"Linden, Mathew",1405067565,1,5,22,20,Production Technician II,MA,3/19/1979,M ,7/8/2013,Production       
"Moran, Patrick",1408069503,0,5,26,20,Production Technician II,MA,12/3/1976,M ,1/9/2012,Production       
"Sahoo, Adil",1106026462,1,5,29,20,Production Technician II,MA,4/26/1986,M ,8/30/2010,Production       
"Burkett, Benjamin ",1301052449,1,5,26,20,Production Technician II,MA,8/19/1977,M ,4/4/2011,Production       
"Foreman, Tanya",1012023204,1,5,24,20,Production Technician II,MA,11/8/1983,F,4/4/2011,Production       
"Jeannite, Tayana",1008020942,0,5,22.5,20,Production Technician II,MA,11/6/1986,F,7/5/2011,Production       
"McCarthy, Brigit",1406067957,0,5,26,20,Production Technician II,MA,5/21/1987,F,3/30/2015,Production       
"Peters, Lauren",1411071406,1,5,29,20,Production Technician II,MA,8/17/1986,F,5/16/2011,Production       
"Walker, Roger",1011022818,0,5,22,20,Production Technician II,MA,2/10/1976,M ,8/18/2014,Production       
"Akinkuolie, Sarah",1005019209,1,5,29,20,Production Technician II,MA,9/19/1988,F,7/5/2011,Production       
"Davis, Daniel",1201031274,0,5,25,20,Production Technician II,MA,9/14/1979,M ,11/7/2011,Production       
"Gosciminski, Phylicia  ",1108028351,0,5,27,20,Production Technician II,MA,12/8/1983,F,9/30/2013,Production       
"Latif, Mohammed",1104025486,1,5,28,20,Production Technician II,MA,5/9/1984,M ,4/2/2012,Production       
"Monterro, Luisa",1001103149,0,5,25,20,Production Technician II,MA,4/24/1970,F,5/13/2013,Production       
"Robertson, Peter",1499902991,1,5,22,20,Production Technician II,MA,7/3/1972,M ,7/5/2011,Production       
"Woodson, Jason",1012023010,0,5,24.25,20,Production Technician II,MA,5/11/1985,M ,7/7/2014,Production       
"Blount, Dianna",1403066125,0,5,27,20,Production Technician II,MA,9/21/1990,F,4/4/2011,Production       
"Erilus, Angela",1105025661,0,5,24,20,Production Technician II,MA,8/25/1989,F,7/7/2014,Production       
"Homberger, Adrienne  J",1207046956,1,5,28,20,Production Technician II,MA,2/16/1984,F,8/15/2011,Production       
"Lundy, Susan",1305056276,0,5,24,20,Production Technician II,MA,12/26/1976,F,7/8/2013,Production       
"Moumanil, Maliki ",1301052436,0,5,29,20,Production Technician II,MA,12/1/1974,M ,5/13/2013,Production       
"Sloan, Constance",1012023103,0,5,23,20,Production Technician II,MA,11/25/1987,F,10/26/2009,Production       
"Buccheri, Joseph  ",1101023457,0,5,22,20,Production Technician II,MA,7/28/1983,M ,9/29/2014,Production       
"Fancett, Nicole",1402065085,0,5,24,20,Production Technician II,MA,9/27/1987,F,2/17/2014,Production       
"Hutter, Rosalie",1103024924,0,5,28,20,Production Technician II,MA,5/7/1992,F,6/5/2015,Production       
"Manchester, Robyn",1110029623,1,5,23,20,Production Technician II,MA,8/25/1976,F,5/11/2016,Production       
"Oliver, Brooke ",1001856521,1,5,25,20,Production Technician II,MA,2/11/1952,F,5/14/2012,Production       
"Thibaud, Kenneth",1011022777,0,5,23,20,Production Technician II,MA,9/16/1975,M ,6/25/2007,Production       
"Daneault, Lynn",1402065303,0,6,54,21,Sales Manager,VT,4/19/1990,F,5/5/2014,Sales
"Kampew, Donysha",1109029264,0,6,60.25,21,Sales Manager,PA,11/11/1989,F,11/7/2011,Sales
"Smith, John",1499902910,0,6,56,21,Sales Manager,MA,8/16/1984,M ,5/18/2014,Sales
"Le, Binh",1009919930,0,3,50.25,22,Senior BI Developer,MA,6/14/1987,F,10/2/2016,IT/IS
"Navathe, Kurt",1009919960,0,3,52.25,22,Senior BI Developer,MA,4/25/1970,M ,2/10/2017,IT/IS
"Wang, Charlie",1009919970,0,3,51,22,Senior BI Developer,MA,7/8/1981,M ,2/15/2017,IT/IS
"LeBlanc, Brandon  R",1102024115,1,1,55,23,Shared Services Manager,MA,6/10/1984,M ,1/5/2016,Admin Offices
"Quinn, Sean",1206043417,1,1,55,23,Shared Services Manager,MA,11/6/1984,M ,2/21/2011,Admin Offices
"Andreola, Colby",1107027358,0,4,47.6,24,Software Engineer,MA,5/24/1979,F,11/10/2014,Software Engineering
"Carabbio, Judith",1101023577,0,4,56,24,Software Engineer,MA,4/5/1987,F,11/11/2013,Software Engineering
"Del Bosque, Keyla",1203032498,0,4,57.12,24,Software Engineer,MA,7/5/1979,F,1/9/2012,Software Engineering
"Exantus, Susan",1401064670,1,4,48.5,24,Software Engineer,MA,5/15/1987,F,5/2/2011,Software Engineering
"Martin, Sandra",1303054625,0,4,55.51,24,Software Engineer,MA,11/7/1987,F,11/11/2013,Software Engineering
"Patronick, Luke",1112030979,0,4,52.25,24,Software Engineer,MA,2/20/1979,M ,11/7/2011,Software Engineering
"Saada, Adell",1012023185,1,4,49.25,24,Software Engineer,MA,7/24/1986,F,11/5/2012,Software Engineering
"Szabo, Andrew",1201031324,0,4,48,24,Software Engineer,MA,5/6/1983,M ,7/7/2014,Software Engineering
"True, Edward",1102024057,0,4,45.42,24,Software Engineer,MA,6/14/1983,M ,2/18/2013,Software Engineering
"Sweetwater, Alex",1001644719,0,4,27,25,Software Engineering Manager,MA,11/22/1966,M ,8/15/2011,Software Engineering
"Foster-Baker, Amy",1201031308,1,1,34.95,26,Sr. Accountant,MA,4/16/1979,F,1/5/2009,Admin Offices
"Boutwell, Bonalyn",1307060188,1,1,34.95,26,Sr. Accountant,MA,4/4/1987,F,2/16/2015,Admin Offices
"Ait Sidi, Karthikeyan   ",1307060199,1,3,62,27,Sr. DBA,MA,5/5/1975,M ,3/30/2015,IT/IS
"Carr, Claudia  N",1010022337,0,3,61.3,27,Sr. DBA,MA,6/6/1986,F,6/30/2016,IT/IS
"Favis, Donald  ",1412071562,0,3,58.2,30,Enterprise Architect,CT,7/30/1964,M ,2/17/2014,IT/IS
"Roehrich, Bianca",1111030266,0,3,58.5,29,Principal Data Architect,MA,5/27/1973,F,1/5/2015,IT/IS
"Daniele, Ann  ",1411071312,1,3,54.1,28,Sr. Network Engineer,CT,1/18/1952,F,11/10/2014,IT/IS
"Lajiri,  Jyoti",1108028108,1,3,56.2,28,Sr. Network Engineer,MA,4/23/1986,M ,11/10/2014,IT/IS
"Semizoglou, Jeremiah  ",904013591,1,3,53.8,28,Sr. Network Engineer,MA,2/9/1983,M ,6/30/2016,IT/IS
"South, Joe",1308060959,0,3,53,28,Sr. Network Engineer,CT,9/9/1965,M ,11/10/2014,IT/IS
"Warfield, Sarah",1301052347,0,3,55.2,28,Sr. Network Engineer,MA,5/2/1978,F,3/30/2015,IT/IS
